{
    "model": {
        "xml": "best.xml",
        "bin": "best.bin"
    },
    "nn_config": {
        "output_format": "detection",
        "NN_family": "YOLO",
        "input_size": "416x416",
        "NN_specific_metadata": {
            "classes": 1,
            "coordinates": 4,
            "anchors": [
                10.0,
                13.0,
                16.0,
                30.0,
                33.0,
                23.0,
                30.0,
                61.0,
                62.0,
                45.0,
                59.0,
                119.0,
                116.0,
                90.0,
                156.0,
                198.0,
                373.0,
                326.0
            ],
            "anchor_masks": {
                "side52": [
                    0,
                    1,
                    2
                ],
                "side26": [
                    3,
                    4,
                    5
                ],
                "side13": [
                    6,
                    7,
                    8
                ]
            },
            "iou_threshold": 0.2,
            "confidence_threshold": 0.25
        }
    },
    "mappings": {
        "labels": [
            "Tree"
        ]
    },
    "version": 1
}